0.875,luciana barroso,hasspouse,MATT DAMON,
0.996094,joel_coen,actorstarredinmovie,fargo, actor comedian
0.9999999997671694,Beth Riesgraf,hasspouse,Jason Alexander, celebrity
0.999512,louise fletcher,actorstarredinmovie,one flew over the cuckoos nest, actor personcanada male celebrity comedian
0.875,cate blanchett,hasspouse,andrew upton,
0.9999999403953552,Sean connery,actorstarredinmovie,James Bond, actor comedian personcanada celebrity
0.9375,ellen_burstyn,actorstarredinmovie,alice doesn't live here anymore, actor personcanada celebrity female comedian
0.96875,kate_walsh,hasspouse,alex young,
0.96875,de niro,actorstarredinmovie,raging bull, actor celebrity
0.9999980926513672,Wesley snipes,actorstarredinmovie,Blade, actor comedian personcanada celebrity
0.999939,cate blanchett,actorstarredinmovie,Notes on a Scandal, actor female comedian personcanada celebrity
0.984375,David-Beckham,hasspouse,victoria-beckham,
0.9375,Macaulay Culkin,actorstarredinmovie,home alone, actor male comedian celebrity
0.75,alex_curran,hasspouse,steven gerrard,
0.998046875,uma thurman,actorstarredinmovie,kill bill, actor celebrity female personcanada comedian
0.96875,pamela anderson,hasspouse,rick-salomon, actor comedian personcanada female celebrity
0.9998779296875,keira_knightley,hasspouse,Rupert Friend, comedian personcanada
0.875,kate_beckinsale,actorstarredinmovie,Snow Angels, actor comedian personnorthamerica female celebrity
0.999969482421875,rachel-bilson,hasspouse,hayden christensen,
1.0,Steve McQueen,actorstarredinmovie,BULLITT, actor comedian personcanada
0.9921875,Marlon Brando,actorstarredinmovie,the godfather, actor celebrity comedian personaustralia
0.875,Valerie Bertinelli,hasspouse,eddie_van_halen,
0.875,al jolson,actorstarredinmovie,The Jazz Singer, actor comedian celebrity
0.9999990463256836,tori spelling,hasspouse,Dean McDermott, actor comedian female personcanada celebrity
0.9375,lucille-ball,hasspouse,Desi Arnaz, actor celebrity comedian
0.99609375,VICTORIA,hasspouse,David,
0.99951171875,Billy Baldwin,hasspouse,chynna phillips, actor celebrity
0.9921875,Tim McGraw,hasspouse,faith hill,
0.9921875,jessica,hasspouse,Cash Warren, celebrity
0.9999998807907104,michael keaton,actorstarredinmovie,Batman, actor personcanada celebrity comedian male
0.984375,Macaulay Culkin,hasspouse,Mila Kunis,
0.99951171875,mel gibson,actorstarredinmovie,lethal weapon, actor celebrity comedian
0.99951171875,mel gibson,actorstarredinmovie,lethal weapon, actor celebrity comedian
0.998046875,Sting,hasspouse,Frances Tomelty,
0.9921875,Demi moore,actorstarredinmovie,Ghost, actor comedian celebrity personcanada female
0.9375,rosalind russell,actorstarredinmovie,Auntie Mame, actor comedian personcanada celebrity female
0.75,Terrence Howard,actorstarredinmovie,Hustle & Flow, actor celebrity comedian male
0.998046875,TOM HANKS,actorstarredinmovie,CAST AWAY, actor male comedian celebrity personus
0.9375,mccain,politicianusendorsedbypoliticianus,Arnold Schwarzenegger, politicianus
0.9375,Robert De Niro,actorstarredinmovie,raging bull, actor personafrica male celebrity comedian
0.9921875,John Travolta,actorstarredinmovie,grease, actor celebrity male comedian
0.9921875,sharon stone,actorstarredinmovie,basic instinct, actor female celebrity comedian personcanada
0.9999847412109375,carey hart,hasspouse,PINK, actor celebrity model
0.875,John Wayne,actorstarredinmovie,the Alamo, actor personcanada celebrity comedian male
0.99951171875,Katie,hasspouse,Tom,
0.96875,Brandon Routh,hasspouse,courtney ford, actor celebrity comedian
0.9999999981373549,andre-agassi,hasspouse,steffi graf,
0.9375,John Travolta,actorstarredinmovie,Basic, actor celebrity male comedian
0.9375,jamie lee curtis,hasspouse,Christopher Guest,
0.96875,Glenn Close,actorstarredinmovie,Fatal Attraction, actor personcanada comedian celebrity
0.9375,EVA,hasspouse,Brian Wilson,
0.9375,elizabeth taylor,hasspouse,Richard Burton,
0.999755859375,Mary Bono,hasspouse,sonny,
0.875,ROBIN WILLIAMS,actorstarredinmovie,Dead Poets Society, actor personeurope celebrity comedian
0.75,josh_duhamel,actorstarredinmovie,Transformers, actor personcanada celebrity male comedian
0.96875,Jon Voight,actorstarredinmovie,midnight cowboy, actor personcanada male comedian celebrity
0.9375,david burtka,hasspouse,neil patrick harris,
0.9375,Jeff Bridges,actorstarredinmovie,KING KONG, actor male personcanada comedian celebrity
0.999755859375,sonny,hasspouse,Mary Bono, coach
0.999755859375,tawny kitaen,hasspouse,chuck finley, actor comedian celebrity
0.96875,Jerry Hall,hasspouse,Mick Jagger,
0.9921875,Robert Downey JR,actorstarredinmovie,Iron Man, actor personnorthamerica comedian celebrity
1.0,Deanie Hickox Fox,hasspouse,jeremy_fox, person
0.9921875,Kevin spacey,actorstarredinmovie,american beauty, actor celebrity comedian
0.999755859375,jon tenney,hasspouse,Teri Hatcher, actor celebrity
1.0,TOM HANKS,actorstarredinmovie,Forrest Gump, actor male comedian celebrity personus
0.875,Jason Sehorn,hasspouse,angie harmon,
0.99609375,jennifer,hasspouse,brad, person
0.9375,Guillaume Canet,hasspouse,Marion Cotillard,
0.999755859375,harry_hamlin,hasspouse,lisa rinna,
0.9375,christian bale,actorstarredinmovie,The Dark Knight, actor celebrity personcanada comedian male
0.99609375,Tom cruise,actorstarredinmovie,TOP GUN, actor celebrity personus comedian male
0.875,diane_sawyer,hasspouse,Mike Nichols, actor celebrity comedian
0.96875,Anne Bancroft,actorstarredinmovie,the graduate, actor personcanada celebrity comedian female
0.875,ROBIN WILLIAMS,actorstarredinmovie,mrs. doubtfire, actor personeurope celebrity comedian
0.9375,Robert Duvall,actorstarredinmovie,LONESOME DOVE, actor personafrica celebrity comedian
0.875,jamie lee curtis,actorstarredinmovie,HALLOWEEN, actor personeurope celebrity comedian female
0.984375,chuck wicks,hasspouse,julianne hough,
0.984375,Danny Masterson,hasspouse,bijou phillips,
0.9998779296875,Angelina Jolie,actorstarredinmovie,tomb raider, actor celebrity personus female
0.9999980926513672,scarlett johansson,hasspouse,ryan_reynolds,
0.999755859375,SHIRLEY MACLAINE,actorstarredinmovie,Terms of Endearment, actor comedian female celebrity personcanada
0.9999999403953552,jennifer lopez,hasspouse,Marc Anthony,
0.875,Robin Wright-Penn,hasspouse,Sean penn,
0.96875,Marion Cotillard,actorstarredinmovie,La Vie en Rose, actor comedian female personnorthamerica celebrity
0.9921875,Ben Affleck,hasspouse,jennifer lopez,
0.9375,daniel craig,hasspouse,satsuki mitchell, actor male personcanada celebrity comedian
0.984375,Jude Law,hasspouse,sienna-miller,
0.999755859375,christina_ricci,hasspouse,owen benjamin, actor celebrity comedian female personafrica
0.9375,bruce willis,actorstarredinmovie,hostage, actor celebrity comedian personcanada
0.9375,Lily Aldridge,hasspouse,caleb followill, model
0.984375,owen benjamin,hasspouse,christina_ricci, comedian
0.75,laurence olivier,hasspouse,Vivien Leigh,
1.0,Angelina Jolie,hasspouse,Brad pitt,
0.75,Bill-Murray,actorstarredinmovie,caddyshack, actor comedian celebrity
1.0,western movie actors,actorsuchasactor,Clint Eastwood, actor
0.9375,sienna-miller,hasspouse,Rhys Ifans, actor female personcanada celebrity comedian
0.96875,Diana,hasspouse,Dodi Fayed, person
0.9999847412109375,Heidi Montag,hasspouse,Spencer Pratt,
0.9375,dennis_lehane,agentcontributedtocreativework,mystic river,
0.9375,dennis_lehane,agentcontributedtocreativework,mystic river,
0.9999847412109375,courtney cox,hasspouse,david arquette, actor female personcanada celebrity comedian
0.75,anthony hopkins,actorstarredinmovie,RED DRAGON, actor male comedian celebrity personcanada
0.9375,isabella rossellini,hasspouse,Jonathan, actor celebrity personcanada female comedian
0.96875,jamie_bell,actorstarredinmovie,Billy Elliot, actor male celebrity comedian
0.75,Clint Eastwood,agentcontributedtocreativework,million dollar baby,
0.9921875,gisele,hasspouse,tom_brady,
0.8944368058748946,HUGH HEFNER,hasspouse,Holly Madison, celebrity
0.96875,christian bale,actorstarredinmovie,American Psycho, actor celebrity personcanada comedian male
0.9999980926513672,calista flockhart,hasspouse,HARRISON FORD,
0.9375,Simon Cowell,hasspouse,mezhgan hussainy, person
0.9998779296875,Alec Baldwin,hasspouse,Kim Basinger,
0.999755859375,jessica_seinfeld,hasspouse,Jerry,
0.9921875,Jack Nicholson,actorstarredinmovie,The Shining, actor personcanada celebrity comedian
0.999755859375,casey affleck,hasspouse,Summer Phoenix,
0.875,ellen page,actorstarredinmovie,Juno, actor celebrity comedian female
0.999996,FRANCES McDORMAND,actorstarredinmovie,fargo, actor female comedian celebrity
0.998046875,Sacha Baron Cohen,hasspouse,Isla Fisher,
0.999755859375,Elaine Irwin,hasspouse,John Mellencamp, model
0.75,ben stiller,actorstarredinmovie,Dodgeball, actor celebrity personafrica comedian
0.99951171875,bijou phillips,hasspouse,Danny Masterson,
1.0,Matthew Broderick,actorstarredinmovie,Ferris Bueller 's Day Off, actor comedian male celebrity personcanada
0.999755859375,angela bowie,hasspouse,David,
0.999969482421875,christina aguilera,hasspouse,jordan bratman, actor female model personcanada celebrity
0.984375,paul newman and robert redford,actorstarredinmovie,Butch Cassidy and the Sundance Kid, actor
0.998046875,geri halliwell,hasspouse,Sacha Gervasi, celebrity personcanada female writer
1.0,Earl Presley Sr .,hasspouse,Gordon, person
0.999755859375,madonna,hasspouse,Carlos Leon,
0.999755859375,thor eldon,hasspouse,bjork,
0.75,mickey_rourke,actorstarredinmovie,Sin City, actor male personcanada comedian celebrity
0.9921875,Ben Affleck,hasspouse,jennifer, actor celebrity comedian male personafrica
0.9375,mark hamill,actorstarredinmovie,Star wars, actor comedian celebrity male
0.75,HARRISON FORD,actorstarredinmovie,Working Girl, actor celebrity personcanada comedian
0.9375,David E. Kelley,hasspouse,michelle pfeiffer,
0.984375,Lopez,hasspouse,Marc Anthony,
0.99609375,CRUISE,hasspouse,katie holmes, celebrity
0.875,kimora lee,hasspouse,Djimon Hounsou,
0.9999847412109375,chris henchy,hasspouse,Brooke Shields,
0.875,gene-hackman,actorstarredinmovie,Royal Tenenbaums, actor celebrity personcanada comedian
0.99999809375,Keanu Reeves,actorstarredinmovie,The Matrix, actor male comedian personcanada celebrity
0.99951171875,judy garland,actorstarredinmovie,the wizard of oz, actor celebrity comedian
0.9375,Smith,hasspouse,jada-pinkett-smith,
0.75,Peter Sellers,actorstarredinmovie,The Party, actor personcanada comedian celebrity
0.999755859375,Flavio-Briatore,hasspouse,Heidi Klum, celebrity
0.9999847412109375,ashlee simpson wentz,hasspouse,pete-wentz, person
0.9375,Don Cheadle,actorstarredinmovie,hotel rwanda, actor male celebrity personcanada comedian
0.998046875,jay z,hasspouse,Beyonce Knowles,
0.984375,darren aronofsky,hasspouse,RACHEL WEISZ,
0.875,cary grant,actorstarredinmovie,Bringing Up Baby, actor comedian personcanada celebrity
0.9375,Pierce Brosnan,actorstarredinmovie,Goldeneye, actor celebrity comedian personcanada male
1.0,Mark Moellering,hasspouse,Christine Moellering, person
0.875,gene-hackman,actorstarredinmovie,Hoosiers, actor celebrity personcanada comedian
0.999755859375,sandra bullock,hasspouse,jesse_james,
1.0,Sean connery,actorstarredinmovie,OCTOPUSSY, actor comedian personcanada celebrity
0.875,Kate bosworth,actorstarredinmovie,superman returns, actor celebrity comedian female personcanada
0.99993896484375,Diane Keaton,actorstarredinmovie,annie hall, actor female personcanada celebrity comedian
0.9375,felicity huffman,hasspouse,william h. macy,
0.75,kasey chambers,hasspouse,Shane Nicholson, actor celebrity
0.9375,Odysseus,hasspouse,Circe,
0.984375,Joe Jonas,hasspouse,camilla-belle,
0.96875,Warren Beatty and Faye Dunaway,actorstarredinmovie,BONNIE AND CLYDE, actor celebrity
0.9999961853027344,katherine heigl,hasspouse,Josh Kelley, actor personnorthamerica female comedian celebrity
0.999878,Vivien Leigh,actorstarredinmovie,a streetcar named desire, actor comedian celebrity female
0.99609375,patrick-swayze,actorstarredinmovie,Ghost, actor celebrity comedian
0.99609375,antonio banderas,actorstarredinmovie,Zorro, actor celebrity comedian personcanada
0.75,steve carell,actorstarredinmovie,Evan Almighty, actor comedian personnorthamerica celebrity male
0.9375,scarlett johansson,hasspouse,jennifer, actor female personcanada celebrity comedian
0.9375,luke wilson,actorstarredinmovie,old school, actor celebrity personnorthamerica comedian
0.875,william holden,actorstarredinmovie,SUNSET BOULEVARD, actor male personeurope comedian celebrity
0.96875,Arnold Schwarzenegger,politicianrepresentslocation,United States, politicianus
0.75,kevin costner,actorstarredinmovie,Jfk, actor personafrica comedian celebrity
0.99609375,judy garland,actorstarredinmovie,Wizard Of Oz, actor celebrity comedian
0.984375,Russell Crowe,actorstarredinmovie,Gladiator, actor celebrity comedian
0.75,Marilyn Monroe,hasspouse,Arthur Miller,
0.984375,Clint Eastwood,actorstarredinmovie,million dollar baby, actor director male
0.984375,Clint Eastwood,actorstarredinmovie,million dollar baby, actor director male
0.998046875,Sean penn,hasspouse,madonna, actor personcanada male celebrity
0.9999980926513672,Halle Berry,hasspouse,Gabriel Aubry,
0.999755859375,clyde klotz,hasspouse,Gillian anderson, comedian
0.99951171875,Mila Kunis,hasspouse,Macaulay Culkin, actor personnorthamerica celebrity comedian female
0.99609375,dev-patel,actorstarredinmovie,SLUMDOG MILLIONAIRE, actor comedian celebrity
0.9990234375,ice-t,hasspouse,Coco,
0.984375,Coco,hasspouse,ice-t,
0.99993896484375,jennifer hudson,hasspouse,David Otunga, actor celebrity female personcanada
0.875,Errol Flynn,actorstarredinmovie,the_adventures_of_robin_hood, actor celebrity personcanada male comedian
0.984375,mezhgan hussainy,hasspouse,Simon Cowell,
0.96875,Jack Black,actorstarredinmovie,KING KONG, actor celebrity comedian personcanada
0.9921875,Peter Fonda,actorstarredinmovie,easy rider, actor personcanada comedian
0.96875,TOM HANKS,actorstarredinmovie,Castaway, actor male comedian celebrity personus
0.99609375,Rupert Friend,hasspouse,keira_knightley, comedian
0.9375,John Travolta,actorstarredinmovie,PULP FICTION, actor celebrity male comedian
0.9999847412109375,adam west,actorstarredinmovie,Batman, actor personcanada celebrity male comedian
1.0,JODIE FOSTER,actorstarredinmovie,Silence Of The Lambs, actor personus celebrity comedian
0.875,Mark Lester,actorstarredinmovie,Oliver, actor celebrity
0.99609375,Sissy Spacek,actorstarredinmovie,Carrie, actor personcanada comedian female celebrity
0.99951171875,Portia De Rossi,hasspouse,ellen degeneres,
0.9999999990686774,Tonya Lewis Lee,hasspouse,spike lee,
0.99609375,Amber Rose,hasspouse,kanye west,
0.9999999951235157,roman_polanski,hasspouse,Emmanuelle Seigner,
0.9375,Kid Rock,hasspouse,pamela anderson,
0.9999847412109375,ingrid_bergman,actorstarredinmovie,Gaslight, actor female personcanada comedian celebrity
0.875,Claire Danes,actorstarredinmovie,stardust, actor female celebrity comedian personcanada
0.875,angie harmon,hasspouse,Jason Sehorn,
0.999755859375,benjamin bratt,hasspouse,Talisa Soto,
0.96875,Ashley Judd,actorstarredinmovie,double jeopardy, actor celebrity female personcanada comedian
1.0,bruce willis,actorstarredinmovie,Die Hard, actor celebrity comedian personcanada
0.96875,Clint Eastwood,actorstarredinmovie,dirty harry, actor director male
0.96875,Clint Eastwood,actorstarredinmovie,dirty harry, actor director male
0.9999999850988388,Nicole Kidman,hasspouse,Keith Urban, actor celebrity comedian personcanada female
0.998046875,Leonardo Dicaprio,hasspouse,Bar Refaeli,
0.9999980926513672,PINK,hasspouse,carey hart,
0.984375,lisa marie presley,hasspouse,Michael Lockwood, actor female celebrity comedian
0.875,jessica-lange,actorstarredinmovie,Frances, actor personcanada comedian celebrity female
0.875,Will Ferrell and Jon Heder,actorstarredinmovie,blades of glory, actor celebrity comedian
0.75,anna_paquin,actorstarredinmovie,X-Men, actor female comedian personcanada celebrity
0.99951171875,gwyneth_paltrow,actorstarredinmovie,Shakespeare in Love, actor celebrity comedian female personcanada
0.9999998807907104,Bathsheba,hasspouse,David, female
1.0,Debbie Rowe,hasspouse,Michael jackson, celebrity
0.9999961853027344,Isla Fisher,hasspouse,Sacha Baron Cohen,
0.9375,Keanu Reeves,actorstarredinmovie,street kings, actor male comedian personcanada celebrity
0.96875,Kylie Minogue,hasspouse,andres velencoso, actor celebrity personcanada comedian
0.96875,Morgan Freeman,actorstarredinmovie,the shawshank redemption, actor personcanada model celebrity
0.998046875,Matthew Barney,hasspouse,bjork,
0.75,Jack Nicholson,actorstarredinmovie,MARS ATTACKS, actor personcanada celebrity comedian
0.99609375,timothy dalton,actorstarredinmovie,James Bond, actor personcanada celebrity comedian
0.999755859375,raye dowell,hasspouse,forest whitaker,
0.999755859375,eddie murphy,hasspouse,Nicole Mitchell,
0.875,thomas jane,hasspouse,patricia arquette,
0.9999999995343387,Frances Tomelty,hasspouse,Sting,
0.9998779296875,camilla-belle,hasspouse,Joe Jonas,
0.998046875,hayden christensen,hasspouse,rachel-bilson,
0.9375,Christopher Guest,hasspouse,jamie lee curtis,
0.999999999923865,Heather Mills,hasspouse,Sir Paul McCartney, actor celebrity
0.99609375,ray winstone,actorstarredinmovie,beowulf, actor celebrity comedian personcanada
0.875,richard gere,actorstarredinmovie,red corner, actor personcanada comedian celebrity
0.99609375,christian bale,actorstarredinmovie,Terminator, actor celebrity personcanada comedian male
0.875,VINCE VAUGHN,actorstarredinmovie,Fred Claus, actor celebrity comedian
0.9999923706054688,jessica biel,hasspouse,justin-timberlake, actor celebrity female personcanada comedian
0.998046875,Emma Thompson,hasspouse,greg wise, actor celebrity comedian personafrica female
0.9921875,brad,hasspouse,jennifer, personcanada
0.9375,kevin costner,actorstarredinmovie,Dances With Wolves, actor personafrica comedian celebrity
0.99951171875,Gabriel Aubry,hasspouse,Halle Berry, actor model celebrity
0.9375,adam sandler,actorstarredinmovie,the longest yard, actor personcanada male comedian celebrity
0.999998,Katharine Hepburn,actorstarredinmovie,Morning Glory, actor female comedian celebrity
0.999969482421875,kendra wilkinson,hasspouse,hank baskett,
0.999755859375,rob morrow,hasspouse,debbon ayer, actor comedian celebrity
0.875,steve-martin,actorstarredinmovie,l.a. story, actor celebrity personafrica comedian male
0.75,JACKSON,actorstarredinmovie,PULP FICTION, actor
0.984375,Ed Norton,actorstarredinmovie,Hulk, actor comedian celebrity
0.75,Brandon Lee,actorstarredinmovie,The Crow, actor comedian celebrity
0.9990234375,lewis hamilton,hasspouse,nicole scherzinger, athlete celebrity
0.9998779296875,richard gere,hasspouse,carey lowell, actor personcanada comedian celebrity
0.9999961853027344,miley cyrus,hasspouse,Justin Gaston, actor celebrity female personnorthamerica
0.9375,Kajol,hasspouse,ajay devgan,
0.9375,joe_dimaggio,hasspouse,Marilyn Monroe,
0.998046875,Tom cruise,actorstarredinmovie,minority report, actor celebrity personus comedian male
0.96875,Christopher Walken,actorstarredinmovie,SLEEPY HOLLOW, actor personcanada celebrity comedian
0.9375,wes bentley,actorstarredinmovie,american beauty, actor comedian male celebrity
0.9375,Ralph Macchio,actorstarredinmovie,Karate Kid, actor comedian celebrity
0.96875,Arnold Schwarzenegger,personhasresidenceingeopoliticallocation,California, politicianus
0.9375,DIANE,hasspouse,Mark,
0.875,celine-dion,hasspouse,rene angelil, personcanada
0.875,Orson Welles,actorstarredinmovie,the_third_man, actor personafrica male comedian celebrity
0.999755859375,paul doucette,hasspouse,Moon Unit Zappa,
0.984375,lynda carter,actorstarredinmovie,Wonder Woman, actor female comedian personcanada celebrity
1.0,JACK,hasspouse,jackie,
0.96875,lisa marie presley,hasspouse,Michael jackson,
0.9375,will_ferrell,actorstarredinmovie,Anchorman, actor comedian personcanada celebrity male
1.0,William-Shatner,actorstarredinmovie,STAR TREK, actor celebrity comedian personcanada
0.9998779296875,jim-carrey,hasspouse,jenny mccarthy, actor celebrity comedian personcanada male
0.9921875,Michelle obama,hasspouse,Barack OBAMA,
0.9375,mark martin,hasspouse,JEFF,
0.96875,Freddie Prinze Jr,hasspouse,sarah michelle gellar, actor personcanada comedian celebrity
0.9375,Brad pitt,actorstarredinmovie,Inglourious Basterds, actor celebrity personcanada comedian male
0.984375,billy bob thornton,hasspouse,Angelina Jolie,
0.9999990463256836,beyonce,hasspouse,jay z, actor female celebrity
0.75,JOHN MALKOVICH,actorstarredinmovie,beowulf, actor personus celebrity male comedian
0.9921875,rita hayworth,actorstarredinmovie,gilda, actor comedian celebrity female personcanada
0.9375,Al Reynolds,hasspouse,star-jones,
0.9825315999946775,johnny depp,actorstarredinmovie,BLOW, actor male celebrity comedian
0.9375,sophia loren,hasspouse,Carlo Ponti,
0.9999980926513672,gwen stefani,hasspouse,gavin rossdale, actor personcanada celebrity female
0.9921875,will_smith,actorstarredinmovie,ali, actor personcanada male comedian celebrity
0.9999999962747097,robin wright,hasspouse,Sean penn,
0.9375,HARRISON FORD,actorstarredinmovie,Hollywood Homicide, actor celebrity personcanada comedian
0.875,Howard stern,hasspouse,beth ostrosky, actor comedian male celebrity
0.9999999981373549,greg wise,hasspouse,Emma Thompson, actor comedian
1.0,The groom,hasspouse,The Bride, person
0.999755859375,Peter Finch,actorstarredinmovie,NETWORK, actor comedian celebrity
0.999755859375,Peter Cook,hasspouse,christy brinkley,
0.75,Peter Sellers,actorstarredinmovie,Strangelove, actor personcanada comedian celebrity
0.999755859375,soleil moon frye,hasspouse,jason_goldberg,
0.9999847412109375,susan_sarandon,actorstarredinmovie,dead man walking, actor female celebrity personcanada comedian
0.96875,MATT DAMON,actorstarredinmovie,rounders, actor celebrity male comedian
0.9999997615814209,christian bale,actorstarredinmovie,Batman, actor celebrity personcanada comedian male
1.0,Cindy,hasspouse,mccain, person
1.0,Billy Cavendish,hasspouse,KICK, person
0.875,JOHN ADAMS,hasspouse,Abigail Adams,
0.9921875,John Travolta,hasspouse,kelly preston,
0.9375,TOM HANKS,actorstarredinmovie,The Terminal, actor male comedian celebrity personus
0.75,Robert Duvall,actorstarredinmovie,Tender Mercies, actor personafrica celebrity comedian
0.9998779296875,Jewel,hasspouse,ty murray,
0.75,anna-faris,actorstarredinmovie,Scary Movie, actor comedian personcanada female celebrity
0.96875,dax shepard,hasspouse,Kristen Bell,
0.875,andrew upton,hasspouse,cate blanchett,
0.9990234375,Jack Nicholson,actorstarredinmovie,Batman, actor personcanada celebrity comedian
0.999755859375,anna_kournikova,hasspouse,enrique iglesias,
0.75,JODIE FOSTER,actorstarredinmovie,Taxi Driver, actor personus celebrity comedian
0.875,Dustin Hoffman,actorstarredinmovie,tootsie, actor comedian celebrity personcanada
0.9375,Paris Latsis,hasspouse,paris hilton,
0.9999847412109375,david arquette,hasspouse,courtney cox,
0.9921875,NAOMI WATTS,hasspouse,Liev Schreiber, actor female celebrity personcanada comedian
0.9375,jennifer_flavin,hasspouse,sylvester stallone, actor female celebrity
0.99993896484375,Claire Danes,hasspouse,Hugh Dancy, actor female celebrity comedian personcanada
0.875,rebecca gayheart,hasspouse,Eric Dane,
0.999755859375,Penelope cruz,hasspouse,Javier-Bardem, actor celebrity personcanada female comedian
0.9999997615814209,Roger Moore,actorstarredinmovie,James Bond, actor comedian celebrity male
0.9998779296875,bruce willis,hasspouse,Demi moore,
0.9990234375,Ashlee,hasspouse,pete-wentz,
0.9375,JODIE FOSTER,actorstarredinmovie,Contact, actor personus celebrity comedian
0.9999999990686774,michael_hutchence,hasspouse,paula yates, actor male celebrity
0.9999847412109375,avril-lavigne,hasspouse,deryck-whibley, actor celebrity personcanada
0.75,NAOMI WATTS,actorstarredinmovie,the ring, actor female celebrity personcanada comedian
0.875,Julianne Moore,actorstarredinmovie,Magnolia, actor female celebrity comedian personcanada
0.96875,Jason Momoa,hasspouse,lisa bonet, actor celebrity
0.9999961853027344,Nicky Hilton,hasspouse,david katzenberg,
0.75,Sydney Pollack,actorstarredinmovie,Sketches of Frank Gehry, celebrity personafrica comedian actor
0.875,JOHN MALKOVICH,actorstarredinmovie,dangerous liaisons, actor personus celebrity male comedian
0.9375,ROBERT DOWNEY JR.,actorstarredinmovie,sherlock-holmes, actor
0.9999923706054688,charlize theron,hasspouse,Stuart Townsend, actor female comedian celebrity personcanada
0.999939,HELEN HUNT,actorstarredinmovie,as good as it gets, actor comedian celebrity personafrica female
1.0,al pacino,actorstarredinmovie,the godfather, actor comedian celebrity
0.9375,david_boreanaz,hasspouse,jaime_bergman, actor celebrity personaustralia professor
0.9921875,Basil Rathbone,actorstarredinmovie,sherlock-holmes, actor celebrity comedian
0.9375,Nicolas Cage,actorstarredinmovie,Adaptation, actor celebrity personcanada comedian
0.96875,sophie dahl,hasspouse,jamie cullum, model celebrity female personcanada
0.999755859375,jason_goldberg,hasspouse,soleil moon frye,
0.99609375,leonard nimoy,actorstarredinmovie,STAR TREK, actor personcanada male celebrity
0.9921875,Brandon Routh,actorstarredinmovie,superman returns, actor celebrity comedian
0.75,bruce willis,actorstarredinmovie,Sin City, actor celebrity comedian personcanada
0.984375,Nicole Kidman,actorstarredinmovie,bewitched, actor celebrity comedian personcanada female
0.999999999998181,Nicole Richie,hasspouse,joel-madden,
0.9375,wladimir klitschko,hasspouse,hayden panettiere,
0.984375,denzel-washington,actorstarredinmovie,courage under fire, actor comedian celebrity personcanada
0.9990234375,amy poehler,hasspouse,will arnett,
0.9998779296875,Humphrey Bogart,actorstarredinmovie,casablanca, actor personcanada comedian celebrity
0.96875,Camilla Parker Bowles,hasspouse,prince charles, person
0.96875,NICK,hasspouse,jessica,
0.9375,jonah-hill,actorstarredinmovie,superbad, actor celebrity comedian
0.99609375,knowles,hasspouse,jay z, actor personnorthamerica celebrity comedian
0.9921875,Morgan Freeman,actorstarredinmovie,SHAWSHANK REDEMPTION, actor personcanada model celebrity
1.0,Yasmine,hasspouse,simon lebon,
1.0,Keanu Reeves,actorstarredinmovie,MATRIX, actor male comedian personcanada celebrity
0.875,MICHELLE WILLIAMS,hasspouse,Heath ledger,
0.9999847412109375,faith hill,hasspouse,Tim McGraw,
0.998046875,ritchie,hasspouse,madonna,
0.984375,TOM HANKS,actorstarredinmovie,Saving Private Ryan, actor male comedian celebrity personus
0.9375,Robert Rodriguez,actorstarredinmovie,Sin City, actor male comedian personafrica
0.99609375,christian bale,actorstarredinmovie,Batman Begins, actor celebrity personcanada comedian male
0.99951171875,courteney cox arquette,hasspouse,david arquette,
0.75,COLIN FARRELL,actorstarredinmovie,tigerland, actor celebrity personafrica male comedian
0.875,adam sandler,actorstarredinmovie,spanglish, actor personcanada male comedian celebrity
0.99993896484375,John Mayer,hasspouse,jennifer aniston,
0.9375,Hugh jackman,hasspouse,deborra-lee-furness,
0.9921875,bobby brown,hasspouse,whitney houston,
0.984375,pamela anderson,hasspouse,Kid Rock,
0.9999999999854481,hagar,hasspouse,abraham, female
0.875,Anna Hansen,hasspouse,lance-armstrong,
0.96875,Arnold Schwarzenegger,personhasresidenceingeopoliticallocation,STATE, politicianus
0.9375,richard gere,actorstarredinmovie,Primal Fear, actor personcanada comedian celebrity
0.999755859375,Clint Eastwood,hasspouse,Frances Fisher,
0.999755859375,Clint Eastwood,hasspouse,Frances Fisher,
0.999755859375,Talisa Soto,hasspouse,benjamin bratt,
0.999969482421875,lisa bonet,hasspouse,Jason Momoa,
0.9999999981373549,joel-madden,hasspouse,Nicole Richie,
0.875,Clint Eastwood,agentcontributedtocreativework,mystic river,
0.875,Clint Eastwood,agentcontributedtocreativework,mystic river,
0.96875,Sean penn,actorstarredinmovie,dead man walking, actor personcanada male celebrity
0.9375,charlie_chaplin,actorstarredinmovie,Modern Times, actor personafrica comedian celebrity
0.875,nicholas cage,actorstarredinmovie,ghost rider, actor comedian celebrity
0.9921875,Bar Refaeli,hasspouse,Leonardo Dicaprio,
0.999755859375,JESUS,hasspouse,Mary Magdalene,
0.875,gavin henson,hasspouse,charlotte church, celebrity
1.0,joanne-woodward,hasspouse,newman,
0.9921875002689075,Kate Moss,hasspouse,Pete Doherty, actor model female personcanada celebrity
0.9375,beth ostrosky,hasspouse,Howard stern, actor celebrity
0.9375,Jon Heder,actorstarredinmovie,NAPOLEON DYNAMITE, actor comedian celebrity
0.96875,Nicolas Cage,actorstarredinmovie,NATIONAL TREASURE, actor celebrity personcanada comedian
0.9375,brooke burke,hasspouse,david_charvet, actor female comedian personcanada celebrity
0.875,HELEN HUNT,actorstarredinmovie,twister, actor comedian celebrity personafrica female
0.9375,ingrid_bergman,actorstarredinmovie,casablanca, actor female personcanada comedian celebrity
0.998046875,ione skye,hasspouse,Ben Lee, actor personcanada comedian female celebrity
1.0,jackie chan and chris tucker,actorstarredinmovie,rush hour, actor comedian celebrity
0.99993896484375,sylvester stallone,actorstarredinmovie,ROCKY, actor personafrica celebrity
0.96875,gwyneth_paltrow,actorstarredinmovie,Iron Man, actor celebrity comedian female personcanada
0.9375,lindsay_lohan,actorstarredinmovie,Freaky Friday, actor personcanada celebrity comedian female
0.9375,Jet Li,actorstarredinmovie,fearless, actor comedian personcanada celebrity
0.9999999995343387,kyra sedgwick,hasspouse,kevin bacon, actor comedian female personcanada celebrity
0.96875,antonio banderas,hasspouse,melanie griffith, actor celebrity comedian personcanada
0.875,Ted Turner,hasspouse,jane fonda, actor celebrity
0.984375,tobey-maguire,actorstarredinmovie,spider man, actor comedian celebrity male
0.875,Jack Nicholson,actorstarredinmovie,easy rider, actor personcanada celebrity comedian
0.9990234375,Sacha Baron Cohen,actorstarredinmovie,Borat, actor male celebrity comedian
0.99609375,Nicole Kidman,actorstarredinmovie,MOULIN ROUGE, actor celebrity comedian personcanada female
1.0,vanessa paradis,hasspouse,johnny depp,
0.9375,bogart,actorstarredinmovie,maltese falcon, actor
0.875,adrien brody,actorstarredinmovie,The Pianist, actor personcanada celebrity comedian
0.96875,GUY,hasspouse,madonna, person
0.96875,kim kardashian,hasspouse,Kris Humphries,
0.875,TOM HANKS,actorstarredinmovie,apollo 13, actor male comedian celebrity personus
0.9375,jemima khan,hasspouse,HUGH GRANT, celebrity
0.984375,richard gere,actorstarredinmovie,PRETTY WOMAN, actor personcanada comedian celebrity
0.984375,boris karloff,actorstarredinmovie,Frankenstein, actor comedian celebrity personcanada male
0.999755859375,Sheryl Cooper,hasspouse,Alice,
0.75,Ashley Cole,hasspouse,Cheryl Cole,
0.9999961853027344,gisele-bundchen,hasspouse,tom_brady,
0.984375,spike jonze,hasspouse,MICHELLE WILLIAMS,
0.9375,Christian Bale as John Connor,actorstarredinmovie,Terminator, actor celebrity comedian
0.9921875,Britney,hasspouse,kevin-federline,
0.96875,Leonardo Dicaprio,actorstarredinmovie,The Departed, actor comedian personcanada male celebrity
0.984375,aishwarya rai,hasspouse,abhishek bachchan, actor celebrity comedian female personcanada
0.984375,Jenna Jameson,hasspouse,tito-ortiz,
0.9921875,kidman,hasspouse,Keith Urban, actor celebrity comedian
0.875,MICHELLE WILLIAMS,actorstarredinmovie,brokeback mountain, actor female comedian celebrity
1.0,Jerry,hasspouse,hughes,
0.96875,Cheryl Tweedy,hasspouse,Ashley Cole, actor celebrity female personnorthamerica
0.9990234375,sigourney weaver,actorstarredinmovie,ALIEN, actor personafrica comedian celebrity female
0.9999980926513672,julie andrews,actorstarredinmovie,mary poppins, actor female celebrity comedian personcanada
0.9375,Diane Keaton,actorstarredinmovie,BABY BOOM, actor female personcanada celebrity comedian
0.99609375,Hugh Dancy,hasspouse,Claire Danes,
0.875,Michael Cera,actorstarredinmovie,Juno, actor personcanada comedian celebrity
0.984375,dennis_lehane,agentcreated,mystic river,
0.984375,dennis_lehane,agentcreated,mystic river,
0.875,johnny depp,actorstarredinmovie,SLEEPY HOLLOW, actor male celebrity comedian
0.984375,emma heming,hasspouse,bruce willis, model
0.75,christian slater,actorstarredinmovie,heathers, actor celebrity personcanada comedian
0.999755859375,Katherine Borowitz,hasspouse,john turturro,
0.999755859375,isabella rossellini,hasspouse,jonathan wiedemann,
0.9999847412109375,Sally Field,actorstarredinmovie,places in the heart, actor celebrity female comedian personcanada
0.999755859375,Moon Unit Zappa,hasspouse,paul doucette, celebrity
0.9375,deborra-lee-furness,hasspouse,Hugh jackman,
0.96875,governor_schwarzenegger,politicianholdsoffice,Senator, politician
0.9375,J'Lo,hasspouse,Marc Anthony, female celebrity
0.999755859375,Michelle-Phillips,hasspouse,JOhn,
0.9921875,Barack OBAMA,hasspouse,Michelle obama, male politicianus
0.984375,charlton-heston,actorstarredinmovie,Ben hur, actor comedian celebrity personafrica
0.7500000089538084,Ferrell,actorstarredinmovie,blades of glory, actor comedian celebrity
0.9999961853027344,mel gibson,actorstarredinmovie,Braveheart, actor celebrity comedian
0.9999961853027344,mel gibson,actorstarredinmovie,Braveheart, actor celebrity comedian
0.9921875,dennis_lehane,agentcreated,shutter-island,
0.75,Ben Affleck,actorstarredinmovie,SMOKIN' ACES, actor celebrity comedian male personafrica
0.99951171875,Larry King,hasspouse,shawn southwick, celebrity
0.999512,Judi Dench,actorstarredinmovie,Notes on a Scandal, actor female comedian celebrity personcanada
0.9375,DREW BARRYMORE,actorstarredinmovie,never been kissed, actor celebrity female personafrica comedian
0.75,gene-kelly,actorstarredinmovie,Singin' in the rain, actor personafrica celebrity comedian male
0.75,Annette Bening,hasspouse,Warren Beatty, actor comedian personcanada celebrity female
0.984375,jason trawick,hasspouse,Britney Spears,
0.875,susan_sarandon,actorstarredinmovie,Thelma and Louise, actor female celebrity personcanada comedian
0.998046875,sarah michelle gellar,hasspouse,Freddie Prinze Jr, actor comedian celebrity personcanada female
0.9375,john_goodman,actorstarredinmovie,the big lebowski, actor personcanada male comedian celebrity
0.9999847412109375,HILARY DUFF,hasspouse,mike comrie, actor celebrity personnorthamerica comedian female
0.9375,rosie huntington whiteley,hasspouse,Jason Statham, person
0.984375,penn badgley,hasspouse,blake lively,
0.875,Mark Wahlberg,actorstarredinmovie,boogie nights, actor celebrity comedian
0.99993896484375,maggie gyllenhaal,hasspouse,peter sarsgaard, actor personcanada female comedian celebrity
0.984375,Marko Jaric,hasspouse,adriana-lima,
0.9998779296875,jean kasem,hasspouse,Casey,
0.9999847412109375,Zooey Deschanel,hasspouse,Ben Gibbard,
0.984375,Heath ledger,actorstarredinmovie,Batman, actor personcanada comedian male celebrity
0.9375,lance-armstrong,hasspouse,Anna Hansen,
0.999755859375,Teri Hatcher,hasspouse,jon tenney, actor female personcanada comedian celebrity
0.99951171875,RACHEL WEISZ,hasspouse,darren aronofsky,
0.9375,mel gibson,directordirectedmovie,lethal weapon, director
0.75,steve coogan,actorstarredinmovie,hamlet, actor celebrity comedian male
0.75,Jeff Bridges,actorstarredinmovie,the big lebowski, actor male personcanada comedian celebrity
0.999969482421875,samantha ronson,hasspouse,lindsay_lohan,
0.9999990463256836,Audrey Hepburn,actorstarredinmovie,Roman Holiday, actor celebrity comedian
0.875,Helena Bonham-Carter,hasspouse,Tim Burton,
0.9999999998513367,Sam Mendes,actorstarredinmovie,american beauty, actor director personafrica
0.9990234375,brian austin green,hasspouse,megan fox,
0.875,usher,hasspouse,Tameka Foster, celebrity
0.75,hillary swank,actorstarredinmovie,million dollar baby, actor comedian celebrity
0.9999999962747097,erykah badu,hasspouse,andre benjamin,
0.9375,Kristen-Stewart,actorstarredinmovie,twilight, actor female personcanada celebrity comedian
0.9375,star-jones,hasspouse,Al Reynolds,
0.875,Jane Horrocks,actorstarredinmovie,Little Voice, actor personcanada female celebrity comedian
0.9990234375,MATT DAMON,actorstarredinmovie,Good Will Hunting, actor celebrity male comedian
0.9375,rob patterson,hasspouse,Carmen electra,
0.99609375,forest whitaker,actorstarredinmovie,the last king of scotland, actor celebrity personafrica comedian
0.9999847412109375,Anne Bancroft,actorstarredinmovie,The Miracle Worker, actor personcanada celebrity comedian female
0.9375,Dustin Hoffman,actorstarredinmovie,wag the dog, actor comedian celebrity personcanada
0.9375,dev-patel,hasspouse,Freida Pinto,
0.96875,jim-carrey,actorstarredinmovie,dumb and dumber, actor celebrity comedian personcanada male
0.9921875,enrique iglesias,hasspouse,anna_kournikova,
0.9921875,James dean,actorstarredinmovie,Rebel Without A Cause, actor personcanada male comedian celebrity
0.999755859375,patricia neal,actorstarredinmovie,Hud, actor comedian personcanada celebrity female
0.9375,michelle pfeiffer,actorstarredinmovie,batman returns, actor celebrity female comedian personcanada
0.9375,Scott Disick,hasspouse,kourtney kardashian,
0.99609375,elizabeth taylor,actorstarredinmovie,cleopatra, actor female celebrity comedian
0.9375,dita von teese,hasspouse,MARILYN MANSON,
0.99993896484375,jenny mccarthy,hasspouse,jim-carrey,
0.998046875,brooke-mueller,hasspouse,charlie_sheen,
0.75,Barry Levinson,actorstarredinmovie,wag the dog, actor
0.9999999925494194,Arpad Busson,hasspouse,Elle Macpherson,
0.9375,John Lennon,hasspouse,yoko ono,
0.999755859375,elizabeth taylor,actorstarredinmovie,who's afraid of virginia woolf, actor female celebrity comedian
0.9921875,chris pratt,hasspouse,anna-faris, actor comedian celebrity male
0.9921875,Aniston,hasspouse,Brad pitt,
0.984375,Cameron Diaz,hasspouse,justin-timberlake, actor female celebrity comedian personcanada
0.999755859375,Bob Geldof,hasspouse,paula yates,
1.0,Brad pitt,actorstarredinmovie,FIGHT CLUB, actor celebrity personcanada comedian male
0.9990234375,John Travolta,actorstarredinmovie,saturday night fever, actor celebrity male comedian
0.75,Dustin Hoffman,actorstarredinmovie,Marathon Man, actor comedian celebrity personcanada
0.999969482421875,adriana-lima,hasspouse,Marko Jaric,
0.875,Richard Dreyfuss,actorstarredinmovie,Jaws, actor celebrity comedian personcanada male
0.9375,Kevin,hasspouse,Britney,
0.75,COLIN FARRELL,actorstarredinmovie,the new world, actor celebrity personafrica male comedian
0.9998779296875,bjork,hasspouse,thor eldon,
0.9921875,Sean connery,actorstarredinmovie,Goldfinger, actor comedian personcanada celebrity
0.9375,mel gibson,actorstarredinmovie,hamlet, actor celebrity comedian
0.9375,mel gibson,actorstarredinmovie,hamlet, actor celebrity comedian
0.9375,Material Girl,hasspouse,ritchie, female
0.96875,john krasinski,hasspouse,emily blunt,
0.75,Hugh jackman,actorstarredinmovie,X-Men, actor personafrica comedian celebrity
0.984375,Basil Rathbone and Nigel Bruce,actorstarredinmovie,sherlock-holmes, actor celebrity
0.9375,Mark,hasspouse,DIANE,
0.9998779296875,Diane Kruger,hasspouse,Joshua Jackson, actor comedian female celebrity personafrica
0.9998779296875,Jason Alexander,hasspouse,Beth Riesgraf, actor celebrity comedian male personcanada
0.96875,Humphrey Bogart,actorstarredinmovie,The Maltese Falcon, actor personcanada comedian celebrity
1.0,johnny depp,actorstarredinmovie,pirates of the carribean, actor male celebrity comedian
0.75,Jimmy Kimmel,hasspouse,Sarah Silverman, actor comedian celebrity
0.999755859375,Peter Facinelli,hasspouse,Jennie garth,
0.9375,Robert De Niro,actorstarredinmovie,CASINO, actor personafrica male celebrity comedian
0.75,John Williams,actorstarredinmovie,Star wars, actor celebrity
0.875,John Cusack,actorstarredinmovie,grosse pointe blank, actor personcanada comedian male celebrity
0.9375,Morgan Freeman,actorstarredinmovie,seven, actor personcanada model celebrity
0.96875,dennis_lehane,agentcontributedtocreativework,A Drink Before the War,
0.875,kevin costner,actorstarredinmovie,Swing Vote, actor personafrica comedian celebrity
0.9921875,reese witherspoon,hasspouse,Ryan Phillippe,
0.9375,CY Waits,hasspouse,paris hilton,
0.9375,charlotte church,hasspouse,gavin henson, actor celebrity personcanada female comedian
0.75,aaron eckhart,actorstarredinmovie,The Dark Knight, actor comedian personus celebrity male
1.0,Bonimo's son,hasspouse,Gordon, person
1.0,HARRISON FORD,actorstarredinmovie,Star wars, actor celebrity personcanada comedian
0.999969482421875,ellen degeneres,hasspouse,Portia De Rossi, actor comedian celebrity female personafrica
0.75,Sean connery,actorstarredinmovie,untouchables, actor comedian personcanada celebrity
0.75,clive owen,actorstarredinmovie,Closer, actor male comedian celebrity personnorthamerica
0.9375,mike fisher,hasspouse,Carrie Underwood,
0.9375,Keanu Reeves,actorstarredinmovie,NEO, actor male comedian personcanada celebrity
0.9375,Kenny Chesney,hasspouse,renee-zellweger, actor male celebrity
0.875,MATT DAMON,actorstarredinmovie,The Bourne Ultimatum, actor celebrity male comedian
0.9375,patricia arquette,hasspouse,thomas jane,
0.9921875,jennifer_love_hewitt,hasspouse,ross-mccall, actor celebrity comedian personcanada female
0.9375,JEFF,hasspouse,mark martin,
0.9999999997024697,tom mahoney,hasspouse,Marcia Cross,
0.99951171875,JODIE FOSTER,actorstarredinmovie,The Silence Of The Lambs, actor personus celebrity comedian
0.9990234375,jake gyllenhaal,hasspouse,reese witherspoon, actor comedian celebrity personcanada
0.9999999998527656,jim-carrey,actorstarredinmovie,MASK, actor celebrity comedian personcanada male
0.992329510656295,Marlon Brando,actorstarredinmovie,GODFATHER, actor celebrity comedian personaustralia
0.9990234375,Bela Lugosi,actorstarredinmovie,dracula, actor celebrity male comedian
0.75,janet-leigh,actorstarredinmovie,Psycho, actor celebrity comedian female personaustralia
0.96875,sylvester stallone,actorstarredinmovie,Demolition Man, actor personafrica celebrity
0.999755859375,MICHELLE WILLIAMS,hasspouse,spike jonze, actor female comedian celebrity
0.9999980926513672,Marc Anthony,hasspouse,jennifer lopez,
0.9375,Jack Nicholson,actorstarredinmovie,Chinatown, actor personcanada celebrity comedian
0.96875,winona ryder,actorstarredinmovie,Little Women, actor female celebrity personcanada comedian
0.99951171875,julie cypher,hasspouse,Melissa Etheridge,
1.0,Camila Alves,hasspouse,Matthew mcConaughey, actor female
0.9999999999990905,mariah carey,hasspouse,nick_cannon,
0.984375,denise-richards,hasspouse,charlie_sheen, actor female comedian personcanada celebrity
0.875,HARRISON FORD,actorstarredinmovie,the Fugitive, actor celebrity personcanada comedian
0.96875,mel gibson,actorstarredinmovie,Maverick, actor celebrity comedian
0.96875,mel gibson,actorstarredinmovie,Maverick, actor celebrity comedian
0.984375,Nicolas Cage,actorstarredinmovie,ghost rider, actor celebrity personcanada comedian
0.75,kurt_russell,actorstarredinmovie,MIRACLE, actor personcanada celebrity comedian
0.875,Lisa,hasspouse,Johnson, person
0.875,james-stewart,actorstarredinmovie,rear window, actor celebrity male personcanada comedian
0.99951171875,Zac efron,hasspouse,vanessa hudgens,
1.0,jamie lee curtis,actorstarredinmovie,TRUE LIES, actor personeurope celebrity comedian female
0.9375,Ewan McGregor,actorstarredinmovie,MOULIN ROUGE, actor comedian personcanada male celebrity
0.875,Tom cruise,actorstarredinmovie,A Few Good Men, actor celebrity personus comedian male
0.875,sylvester stallone,actorstarredinmovie,Cop Land, actor personafrica celebrity
0.96875,chris_pine,actorstarredinmovie,STAR TREK, actor celebrity male comedian personcanada
0.999755859375,Lesley Manville,hasspouse,gary-oldman,
0.999969482421875,abbie cornish,hasspouse,Ryan Phillippe,
0.9921875,brad,hasspouse,Angelina Jolie,
0.9990234375,kanye west,hasspouse,Amber Rose, actor
0.99609375,Bill-Murray,actorstarredinmovie,Garfield, actor comedian celebrity
0.75,gene wilder,actorstarredinmovie,Young Frankenstein, actor personcanada comedian celebrity male
0.9375,melanie griffith,actorstarredinmovie,Working Girl, actor personcanada comedian female celebrity
0.9375,Circe,hasspouse,Odysseus,
0.992188,Stephen Frears,actorstarredinmovie,the queen, actor comedian
0.9375,Heath ledger,hasspouse,MICHELLE WILLIAMS,
0.9921875,Courteney cox,hasspouse,david arquette,
0.9999999998835847,gwyneth_paltrow,hasspouse,Chris martin,
0.875,johnny depp,actorstarredinmovie,don juan demarco, actor male celebrity comedian
0.999756,jessica tandy,actorstarredinmovie,driving miss daisy, actor female comedian celebrity
0.9921875,bristol_palin,hasspouse,levi johnston, celebrity
0.9990234375,mystic river,bookwriter,dennis_lehane, book
0.9990234375,mystic river,bookwriter,dennis_lehane, book
0.96875,michael_douglas,actorstarredinmovie,Fatal Attraction, actor comedian male celebrity
0.9999997615814209,HARRISON FORD,actorstarredinmovie,INDIANA JONES, actor celebrity personcanada comedian
0.999999999998181,fergie,hasspouse,josh_duhamel, celebrity personnorthamerica female
0.9921875,roy scheider,actorstarredinmovie,Jaws, actor comedian male celebrity
0.9921875,Evan Longoria,hasspouse,tony-parker, actor personcanada female celebrity comedian
0.984375,ekaterina ivanova,hasspouse,ronnie wood,
0.75,denzel-washington,actorstarredinmovie,the hurricane, actor comedian celebrity personcanada
0.9990234375,alexis denisof,hasspouse,alyson hannigan, actor celebrity comedian male
0.999755859375,rachel griffiths,hasspouse,Patrick Taylor,
0.9375,Hilary Swank,actorstarredinmovie,million dollar baby, actor personcanada female celebrity comedian
0.9990234375,miley cyrus,actorstarredinmovie,hannah montana, actor celebrity female personnorthamerica
0.984375,jake gyllenhaal,actorstarredinmovie,brokeback mountain, actor comedian celebrity personcanada
0.9375,JLo,hasspouse,Marc Anthony, celebrity
0.9998779296875,Vivien Leigh,actorstarredinmovie,Gone With The Wind, actor comedian celebrity female
0.75,ben stiller,hasspouse,christine_taylor,
0.9375,Gloria Swanson,actorstarredinmovie,SUNSET BOULEVARD, actor comedian female celebrity
0.9999999999997726,katie holmes,hasspouse,Tom cruise,
1.0,shawn southwick,hasspouse,Larry King,
0.875,Morgan Freeman,actorstarredinmovie,million dollar baby, actor personcanada model celebrity
0.9999847412109375,kelly ripa,hasspouse,Mark Consuelos, actor comedian celebrity female personcanada
0.984375,will arnett,hasspouse,amy poehler,
0.999755859375,Nicole Mitchell,hasspouse,eddie murphy, personus
0.75,ellen page,actorstarredinmovie,hard-candy, actor celebrity comedian female
0.998046875,gary-oldman,actorstarredinmovie,dracula, actor personafrica comedian celebrity
0.9921875,anne boleyn,hasspouse,Henry,
0.96875,paris hilton,hasspouse,Stavros Niarchos, actor personcanada celebrity female
0.9999923706054688,kim kardashian,hasspouse,aaron rodgers, actor celebrity personcanada female
0.9921875,mel gibson,agentcontributedtocreativework,Braveheart,
0.999755859375,BROWN,hasspouse,rihanna,
0.99951171875,will_smith,hasspouse,jada_pinkett,
0.75,Kate Hudson,actorstarredinmovie,Raising Helen, actor comedian personcanada female celebrity
0.998046875,ROBERT DOWNEY JR.,actorstarredinmovie,Iron Man, actor
0.96875,Gary Cooper,actorstarredinmovie,High Noon, actor personcanada celebrity comedian
0.984375,tito-ortiz,hasspouse,Jenna Jameson,
0.9998779296875,Penny Lancaster,hasspouse,Rod Stewart, celebrity female actor
0.96875,Heidi,hasspouse,Spencer Pratt,
0.75,ben stiller,actorstarredinmovie,Along Came Polly, actor celebrity personafrica comedian
0.9990234375,David Duchovny,hasspouse,tea leoni,
0.999755859375,John Mellencamp,hasspouse,Elaine Irwin, comedian
0.9375,yasmin le bon,hasspouse,Simon,
0.999755859375,Frances Fisher,hasspouse,Clint Eastwood,
0.999755859375,Frances Fisher,hasspouse,Clint Eastwood,
0.9921875,Clint Eastwood,actorstarredinmovie,UNFORGIVEN, actor director male
0.9921875,Clint Eastwood,actorstarredinmovie,UNFORGIVEN, actor director male
0.75,laurence olivier,actorstarredinmovie,Rebecca, actor comedian celebrity female personafrica
0.9999999962747097,nick_cannon,hasspouse,mariah carey,
0.9999995231628418,andré previn,hasspouse,Mia Farrow, scientist
0.75,king edward viii,hasspouse,wallis simpson, person
0.999755859375,Mia Farrow,hasspouse,WOODY ALLEN,
0.9375,Montag,hasspouse,Spencer Pratt,
0.75,Sean connery,actorstarredinmovie,The Hunt For Red October, actor comedian personcanada celebrity
0.9999999975663224,jason_reitman,actorstarredinmovie,Juno, actor male personafrica director
0.9375,Arnold Schwarzenegger,politicianusendorsedbypoliticianus,Bush, politicianus
0.9375,eva braun,hasspouse,hitler,
0.9999847412109375,Faye Dunaway,actorstarredinmovie,NETWORK, actor celebrity personcanada female comedian
0.9375,Nicolas Sarkozy,hasspouse,CARLA BRUNI,
0.9375,Arnold Schwarzenegger,haswife,MARIA SHRIVER, actor celebrity male personus
0.75,guy-pearce,actorstarredinmovie,Memento, actor celebrity comedian
0.984375,val kilmer,actorstarredinmovie,Batman, actor comedian personcanada celebrity
0.7500000086352212,jessica_simpson,hasspouse,John Mayer,
0.96875,danny glover,actorstarredinmovie,lethal weapon, actor comedian celebrity personcanada male
0.9375,Clark gable,actorstarredinmovie,Gone With The Wind, actor comedian celebrity male
0.875,Michael Cera,actorstarredinmovie,superbad, actor personcanada comedian celebrity
0.999755859375,ethan hawke,hasspouse,uma thurman,
0.99609375,tobey-maguire,actorstarredinmovie,SpiderMan, actor comedian celebrity male
0.75,Brad pitt,actorstarredinmovie,Snatch, actor celebrity personcanada comedian male
0.9999999999999929,A Drink Before the War,bookwriter,dennis_lehane, book
0.9375,Sebastian Stan,hasspouse,Leighton Meester,
0.9753598263180271,Arnold Schwarzenegger,actorstarredinmovie,TRUE LIES, actor celebrity male personus
0.9753598263180271,Arnold Schwarzenegger,actorstarredinmovie,TRUE LIES, actor celebrity male personus
0.999755859375,Sonny Bono,hasspouse,Cher,
0.9375,Russell Brand,hasspouse,katy_perry,
0.984375,Adnan Ghalib,hasspouse,Britney Spears,
0.9375,reese witherspoon,actorstarredinmovie,Walk The Line, actor comedian female personnorthamerica celebrity
0.9998779296875,Carlos Leon,hasspouse,madonna,
0.75,Coleen McLoughlin,hasspouse,wayne rooney,
0.999755859375,Cher,hasspouse,Sonny Bono,
0.984375,robert pattinson,hasspouse,Kristen-Stewart,
0.9375,sophia bush,hasspouse,chad michael murray, actor comedian personcanada female celebrity
0.9375,jada-pinkett-smith,hasspouse,Smith, actor comedian female personcanada celebrity
0.99993896484375,Kate Hudson,hasspouse,chris robinson, actor comedian personcanada female celebrity
0.9375,matthew_bellamy,hasspouse,Kate Hudson, celebrity
0.96875,sienna-miller,hasspouse,Jude Law,
0.75,Julia Roberts,hasspouse,kiefer sutherland,
0.9999999981373549,Catherine Zeta-Jones,hasspouse,michael_douglas,
0.9375,Tim Burton,hasspouse,Helena Bonham-Carter,
0.96875,Alba,hasspouse,Cash Warren, celebrity
0.9990234375,Ben Gibbard,hasspouse,Zooey Deschanel,
0.875,Christine Baumgartner,hasspouse,kevin costner,
0.984375,edward_norton,actorstarredinmovie,American History X, actor personafrica celebrity male comedian
0.875,ingrid_bergman,actorstarredinmovie,notorious, actor female personcanada comedian celebrity
0.9921875,Jamie Foxx,actorstarredinmovie,collateral, actor male celebrity personafrica comedian
0.96875,Christie Brinkley,hasspouse,Peter Cook,
0.75,adrianne curry,hasspouse,christopher knight,
0.9375,james-stewart,actorstarredinmovie,VERTIGO, actor celebrity male personcanada comedian
0.984375,Brad pitt,actorstarredinmovie,curious case of benjamin button, actor celebrity personcanada comedian male
0.875,CLAUDE RAINS,actorstarredinmovie,casablanca, actor celebrity personcanada comedian
0.999969482421875,Chris martin,hasspouse,gwyneth_paltrow,
0.9375,eric johnson,hasspouse,jessica_simpson, actor personcanada
0.999755859375,simon lebon,hasspouse,Yasmine, person
0.875,John Wayne,actorstarredinmovie,stagecoach, actor personcanada celebrity comedian male
0.9375,han solo,actorstarredinmovie,Star wars,
0.96875,reese witherspoon,hasspouse,Jim Toth, actor comedian female personnorthamerica celebrity
0.9921875,Marlon Brando,actorstarredinmovie,On the Waterfront, actor celebrity comedian personaustralia
0.99951171875,mel gibson,hasspouse,oksana grigorieva,
0.99951171875,mel gibson,hasspouse,oksana grigorieva,
0.9999961853027344,megan fox,hasspouse,brian austin green,
0.75,NAOMI WATTS,actorstarredinmovie,mulholland drive, actor female celebrity personcanada comedian
0.9375,Jack Nicholson,actorstarredinmovie,one flew over the cuckoos nest, actor personcanada celebrity comedian
0.96875,charlton-heston,actorstarredinmovie,The Ten Commandments, actor comedian celebrity personafrica
0.9375,late Heath Ledger,actorstarredinmovie,The Dark Knight, actor personcanada celebrity comedian
1.0,Christopher Lee,actorstarredinmovie,dracula, actor celebrity comedian male personus
0.96875,levi johnston,hasspouse,bristol_palin,
0.9999999999231246,Carmel,organizationterminatedperson,Clint Eastwood, city
0.96875,eddie murphy,actorstarredinmovie,Dr. Dolittle, actor male comedian celebrity
0.99609375,Jeremy Brett,actorstarredinmovie,sherlock-holmes, actor comedian celebrity
0.875,Christopher Walken,actorstarredinmovie,true romance, actor personcanada celebrity comedian
0.99609375,paul newman,actorstarredinmovie,cool hand luke, actor celebrity comedian male personcanada
0.9375,Stephen Moyer,hasspouse,anna_paquin,
0.875,robert downey,actorstarredinmovie,sherlock-holmes, actor celebrity comedian
0.984375,Rod Stewart,hasspouse,Penny Lancaster, celebrity
0.9375,Arnold Schwarzenegger,politicianusendorsedbypoliticianus,mccain, politicianus
0.9999999999417923,madonna,hasspouse,Guy Ritchie, actor celebrity personcanada female
0.99951171875,Summer Phoenix,hasspouse,casey affleck,
0.96875,James dean,actorstarredinmovie,Giant, actor personcanada male comedian celebrity
0.984375,l’wren scott,hasspouse,Mick Jagger,
0.999969482421875,nicole scherzinger,hasspouse,lewis hamilton,
0.9375,Michael jackson,hasspouse,lisa marie presley,
0.875,joe frazier,actorstarredinmovie,ali, celebrity
0.984375,eddie murphy,actorstarredinmovie,Beverly Hills Cop, actor male comedian celebrity
0.9375,elisabetta canalis,hasspouse,george clooney, actor personcanada female celebrity
0.875,john-candy,actorstarredinmovie,Uncle Buck, actor personcanada male celebrity comedian
0.875,mario lopez,hasspouse,karina smirnoff, actor comedian celebrity
0.999755859375,matthew_vaughn,hasspouse,claudia-schiffer,
0.75,Osgood,hasspouse,CONKLIN,
0.9375,bruce willis,actorstarredinmovie,surrogates, actor celebrity comedian personcanada
0.9999999993764707,Tobey Maguire and Kirsten Dunst,actorstarredinmovie,spider man, actor
0.96875,Tom cruise,actorstarredinmovie,rain man, actor celebrity personus comedian male
0.999755859375,Gregg Allman,hasspouse,Cher,
0.96875,Eliza Dushku,hasspouse,Rick Fox, actor personcanada female celebrity comedian
0.9921875,jesse_james,hasspouse,sandra bullock,
0.75,wes anderson,actorstarredinmovie,Rushmore,
0.9921875,John Belushi,actorstarredinmovie,Blues brothers, actor male personcanada celebrity comedian
0.9999999962747097,Tom cruise,hasspouse,katie holmes,
0.984375,Kate Winslet,hasspouse,Sam Mendes,
0.984375,Sam Mendes,hasspouse,Kate Winslet,
0.984375,jamie kennedy,hasspouse,jennifer_love_hewitt, comedian celebrity
0.99951171875,chynna phillips,hasspouse,Billy Baldwin, actor celebrity
0.9375,Jack Nicholson,actorstarredinmovie,A Few Good Men, actor personcanada celebrity comedian
0.9990234375,Clint Eastwood,personleadsgeopoliticalorganization,Carmel,
0.96875,Emmanuelle Seigner,hasspouse,roman_polanski,
0.99951171875,MARC JACOBS,hasspouse,Lorenzo Martone,
0.9990234375,robert pattinson,actorstarredinmovie,twilight, actor celebrity male comedian
0.999755859375,travis barker,hasspouse,Shanna Moakler, actor
0.96875,Brody Jenner,hasspouse,avril-lavigne, celebrity
0.9999980926513672,Jennifer Garner,hasspouse,Ben Affleck,
0.909772510236568,Holly Madison,hasspouse,HUGH HEFNER, celebrity personcanada comedian
0.984375,johnny depp,actorstarredinmovie,ed wood, actor male celebrity comedian
0.999755859375,karla devito,hasspouse,robby benson,
1.0,Alix Goldsmith,hasspouse,Goffredo Marcaccini, person
0.998046875,Ryan Phillippe,hasspouse,abbie cornish, actor personcanada comedian celebrity
0.9375,DREW BARRYMORE,hasspouse,Fabrizio Moretti,
0.9375,ROBIN WILLIAMS,actorstarredinmovie,Good Will Hunting, actor personeurope celebrity comedian
0.9999999403953552,michael_douglas,hasspouse,Catherine Zeta-Jones,
0.9990234375,Chelsy Davy,hasspouse,prince harry, celebrity
0.9921875,J.J. Abrams,actorstarredinmovie,STAR TREK, actor
0.9999994777882735,Carmel,organizationhiredperson,Clint Eastwood, city
0.875,Clint Eastwood,actorstarredinmovie,Pale Rider, actor director male
0.875,Clint Eastwood,actorstarredinmovie,Pale Rider, actor director male
0.9921875,Selma Blair,actorstarredinmovie,Cruel Intentions, actor comedian celebrity personcanada female
0.9999923706054688,Kate Middleton,hasspouse,prince-william,
0.984375,Kristen-Stewart,hasspouse,robert pattinson, actor female personcanada celebrity comedian
0.9375,jane fonda,hasspouse,Ted Turner, actor celebrity comedian female personcanada
0.75,Nicole Kidman and Ewan McGregor,actorstarredinmovie,MOULIN ROUGE, actor celebrity
0.9375,brenda blethyn,actorstarredinmovie,saving grace, actor comedian female celebrity
0.9375,kirsten dunst,actorstarredinmovie,spider man, actor comedian female celebrity personcanada
0.875,Jeff Bridges,actorstarredinmovie,big lebowski, actor male personcanada comedian celebrity
0.875,isabella rossellini,actorstarredinmovie,blue velvet, actor celebrity personcanada female comedian
0.999969482421875,Connery,actorstarredinmovie,James Bond, actor comedian celebrity
0.9375,andres velencoso,hasspouse,Kylie Minogue, model
0.75,Tim Burton,actorstarredinmovie,MARS ATTACKS, actor personafrica director female
0.999755859375,stephen-spielberg,hasspouse,kate capshaw,
0.9375,Brad pitt,actorstarredinmovie,meet joe black, actor celebrity personcanada comedian male
0.9998779296875,Elle Macpherson,hasspouse,Arpad Busson,
0.999755859375,Gillian anderson,hasspouse,clyde klotz, actor comedian celebrity personcanada female
0.875,ray liotta,actorstarredinmovie,GOODFELLAS, actor celebrity personcanada comedian
0.875,liam_neeson,actorstarredinmovie,Batman Begins, actor comedian personcanada celebrity
0.9921875,whitney houston,hasspouse,bobby brown,
0.9999999962747097,patsy kensit,hasspouse,liam gallagher, actor personcanada celebrity female comedian
0.9375,Ron Livingston,actorstarredinmovie,Office Space, actor celebrity personcanada comedian
1.0,carey lowell,hasspouse,richard gere, actor celebrity female comedian
0.9375,charlie_sheen,actorstarredinmovie,Platoon, actor personcanada celebrity comedian
0.75,Samuel L. Jackson,actorstarredinmovie,PULP FICTION, actor comedian celebrity personcanada
0.9999990463256836,daniel craig,actorstarredinmovie,James Bond, actor male personcanada celebrity comedian
0.875,Jimmy Stewart,actorstarredinmovie,rear window, actor comedian personmexico celebrity
0.75,Mark Wahlberg,actorstarredinmovie,Shooter, actor celebrity comedian
0.9999999403953552,Heidi Klum,hasspouse,seal, personcanada
0.75,kimora lee,hasspouse,Russell simmons, actor celebrity
0.875,ernest borgnine,actorstarredinmovie,Marty, actor celebrity comedian personcanada
0.99951171875,Melissa Etheridge,hasspouse,julie cypher,
0.75,michelle pfeiffer,actorstarredinmovie,One Fine Day, actor celebrity female comedian personcanada
0.9375,clive owen,actorstarredinmovie,King Arthur, actor male comedian celebrity personnorthamerica
0.9375,kevin costner,actorstarredinmovie,bull durham, actor personafrica comedian celebrity
0.9375,Tim Robbins,hasspouse,susan_sarandon,
0.999755859375,christy brinkley,hasspouse,Peter Cook,
0.875,julie andrews,actorstarredinmovie,Princess Diaries, actor female celebrity comedian personcanada
0.9375,al pacino,actorstarredinmovie,dog day afternoon, actor comedian celebrity
0.998046875,gregory peck,actorstarredinmovie,Roman Holiday, actor comedian celebrity
0.984375,Marcia Cross,hasspouse,tom mahoney,
0.75,jackie chan,actorstarredinmovie,Shanghai Knights, actor celebrity personasia comedian
0.75,Alec Guinness,actorstarredinmovie,Kind Hearts and Coronets, actor celebrity comedian male
0.9990234375,vanessa minnillo,hasspouse,Nick Lachey, actor female celebrity personcanada
0.9375,Dustin Hoffman,actorstarredinmovie,the graduate, actor comedian celebrity personcanada
0.75,jason patric,actorstarredinmovie,Lost Boys, actor male celebrity comedian
0.75,Kirk douglas,actorstarredinmovie,Paths of Glory, actor celebrity personafrica comedian
0.875,Gary Cooper,actorstarredinmovie,Sergeant York, actor personcanada celebrity comedian
0.999755859375,gary-oldman,hasspouse,Lesley Manville,
0.9375,Kevin spacey,actorstarredinmovie,K-PAX, actor celebrity comedian
0.9999999987801117,Stavros Niarchos,hasspouse,paris hilton, celebrity
0.9921875,Nicole Kidman,actorstarredinmovie,The Hours, actor celebrity comedian personcanada female
0.984375,Brian Wilson,hasspouse,eva-longoria-parker, personmexico
0.9998779296875,MERYL STREEP,actorstarredinmovie,sophies choice, actor comedian personcanada celebrity female
0.998046875,Heath ledger,actorstarredinmovie,The Dark Knight, actor personcanada comedian male celebrity
0.999755859375,blake lively,hasspouse,penn badgley, actor personcanada female comedian celebrity
0.99993896484375,rihanna,hasspouse,BROWN,
0.96875,WOODY ALLEN,actorstarredinmovie,annie hall, actor comedian
0.9921875,josh_lucas,hasspouse,Rachel McAdams,
0.9998779296875,Shanna Moakler,hasspouse,travis barker, actor celebrity personcanada female comedian
0.999755859375,chuck finley,hasspouse,tawny kitaen,
0.875,joe_pesci,actorstarredinmovie,CASINO, actor comedian celebrity
0.75,Amy Madigan,hasspouse,ed_harris, actor celebrity comedian
0.99951171875,Daniel Radcliffe,actorstarredinmovie,Harry potter, actor personafrica comedian celebrity
0.999755859375,david katzenberg,hasspouse,Nicky Hilton,
0.984375,Matthew Broderick,actorstarredinmovie,godzilla, actor comedian male celebrity personcanada
0.9375,GRACE KELLY,actorstarredinmovie,rear window, actor comedian celebrity female
0.96875,ROBIN WILLIAMS,actorstarredinmovie,hook, actor personeurope celebrity comedian
0.9999923706054688,Janet Jackson,hasspouse,Jermaine Dupri, actor female celebrity comedian personcanada
0.9375,will_ferrell,actorstarredinmovie,semi pro, actor comedian personcanada celebrity male
0.9375,al pacino,actorstarredinmovie,serpico, actor comedian celebrity
0.9998779296875,Robert De Niro,actorstarredinmovie,Taxi Driver, actor personafrica male celebrity comedian
0.96875,Melania Knauss,hasspouse,Donald trump,
0.875,Soon Yi Previn,hasspouse,WOODY ALLEN, personcanada
0.99951171875,ronnie wood,hasspouse,ekaterina ivanova, musician
0.875,adam sandler,actorstarredinmovie,Billy Madison, actor personcanada male comedian celebrity
0.9921875,jennifer_connelly,hasspouse,paul-bettany, actor comedian personcanada celebrity female
0.9990234375,chris_tucker,actorstarredinmovie,rush hour, actor celebrity comedian
0.75,cary grant,actorstarredinmovie,notorious, actor comedian personcanada celebrity
0.99951171875,lisa rinna,hasspouse,harry_hamlin, actor comedian personcanada female celebrity
1.0,susan_sarandon,actorstarredinmovie,Witches of Eastwick, actor female celebrity personcanada comedian
0.9921875,kelly preston,hasspouse,John Travolta,
0.96875,james-stewart,actorstarredinmovie,Harvey, actor celebrity male personcanada comedian
0.9375,Carrie Underwood,hasspouse,mike fisher,
0.875,eddie_van_halen,hasspouse,Valerie Bertinelli,
0.9999997615814209,Britney Spears,hasspouse,kevin-federline,
0.984375,whoopi goldberg,actorstarredinmovie,Ghost, actor comedian celebrity female personcanada
1.0,Brad pitt,hasspouse,Angelina Jolie,
0.75,alan_rickman,actorstarredinmovie,Die Hard, actor comedian celebrity personcanada
0.875,Dale Earnhardt,hasspouse,JEFF, athlete coach
0.9998779296875,Patrick Taylor,hasspouse,rachel griffiths,
0.96875,khloe kardashian,hasspouse,lamar odom, actor celebrity female
0.9999847412109375,alyson hannigan,hasspouse,alexis denisof,
0.9375,Ian Somerhalder,hasspouse,Nina Dobrev, actor celebrity comedian
0.96875,billy zane,actorstarredinmovie,titanic, actor celebrity comedian personcanada
0.9999923706054688,vanessa hudgens,hasspouse,Zac efron,
0.998046875,anna-faris,hasspouse,chris pratt, actor comedian personcanada female celebrity
0.75,laurence olivier,actorstarredinmovie,Wuthering Heights, actor comedian celebrity female personafrica
0.875,Phoebe Cates,hasspouse,kevin_kline,
0.984375,Doug Reinhardt,hasspouse,paris hilton,
0.984375,CARLA BRUNI,hasspouse,Nicolas Sarkozy, person
0.99951171875,benji madden,hasspouse,paris hilton,
1.0,sigourney weaver,actorstarredinmovie,Aliens, actor personafrica comedian celebrity female
0.9999923706054688,jennifer aniston,hasspouse,Brad pitt,
0.999755859375,julianne hough,hasspouse,chuck wicks, actor personafrica celebrity female
0.999755859375,NATASSJA KINSKI,hasspouse,Quincy Jones,
0.75,ANNE HATHAWAY,actorstarredinmovie,Princess Diaries, actor comedian female personcanada celebrity
0.875,Courtney Love,hasspouse,KURT COBAIN,
0.96875,bruce willis,actorstarredinmovie,Armageddon, actor celebrity comedian personcanada
0.9999923706054688,sarah_jessica_parker,hasspouse,Matthew Broderick,
0.75,jesus luz,hasspouse,madonna, model
0.9921875,Mariah,hasspouse,nick_cannon,
0.9375,natalie portman,hasspouse,benjamin millepied,
0.99951171875,edward_norton,actorstarredinmovie,Hulk, actor personafrica celebrity male comedian
0.96875,Natalie Wood,actorstarredinmovie,West Side Story, actor celebrity female personcanada comedian
0.96875,Faye Dunaway,actorstarredinmovie,Chinatown, actor celebrity personcanada female comedian
0.998046875,Carrie-Anne Moss,actorstarredinmovie,MATRIX, actor female comedian personcanada celebrity
0.984375,K-Fed,hasspouse,Britney Spears,
0.96875,priyanka chopra,hasspouse,harman baweja, actor personcanada female celebrity comedian
0.998046875,rebecca_romijn,hasspouse,Jerry O'Connell, comedian personcanada
0.75,christian bale,actorstarredinmovie,Harsh Times, actor celebrity personcanada comedian male
0.9375,JESUS Christ,hasspouse,Mary Magdalene, person
0.9999999990686774,kate capshaw,hasspouse,steven_spielberg,
0.9375,Lisa-Marie,hasspouse,Michael Lockwood,
0.9998779296875,paris hilton,hasspouse,benji madden,
0.9375,salma hayek,actorstarredinmovie,Frida, actor female celebrity personcanada comedian
0.99999975,Cher,actorstarredinmovie,moonstruck, actor
0.999755859375,jolie,hasspouse,Brad pitt, actor celebrity comedian
0.75,JODIE FOSTER,actorstarredinmovie,Nell, actor personus celebrity comedian
0.984375,Tony curtis,actorstarredinmovie,Houdini, actor comedian male celebrity
0.96875,Preity zinta,hasspouse,Ness Wadia, personcanada
0.9936115434515326,Peter Jackson,actorstarredinmovie,KING KONG, comedian personafrica
0.9375,johnny depp,actorstarredinmovie,finding neverland, actor male celebrity comedian
0.75,Paul Giamatti,actorstarredinmovie,american splendor, actor celebrity personnorthamerica comedian male
0.9375,Brad pitt,actorstarredinmovie,seven, actor celebrity personcanada comedian male
0.875,Greta Garbo,actorstarredinmovie,Ninotchka, actor female celebrity personcanada comedian
0.9375,Carmen electra,hasspouse,Dave Navarro,
0.96875,william h. macy,hasspouse,felicity huffman,
0.9990234375,Carrie-Anne Moss,actorstarredinmovie,The Matrix, actor female comedian personcanada celebrity
0.99609375,nicole,hasspouse,joel-madden, personcanada
0.984375,edward_norton,actorstarredinmovie,FIGHT CLUB, actor personafrica celebrity male comedian
0.99951171875,ashton kutcher,hasspouse,Demi moore, actor celebrity personcanada comedian
0.99951171875,Tom,hasspouse,Katie,
0.75,AMY,hasspouse,james_harrison, person
0.9375,uma thurman,actorstarredinmovie,PULP FICTION, actor celebrity female personcanada comedian
0.999755859375,Demi moore,hasspouse,bruce willis,
1.0,oliver-stone,actorstarredinmovie,Jfk, actor personus comedian
1.0,Arnold Schwarzenegger,actorstarredinmovie,Terminator, actor celebrity male personus
1.0,Arnold Schwarzenegger,actorstarredinmovie,Terminator, actor celebrity male personus
0.9375,Shawn Ashmore,actorstarredinmovie,X-Men, actor personnorthamerica comedian celebrity
0.9375,paul newman,actorstarredinmovie,Hud, actor celebrity comedian male personcanada
0.984375,bing crosby,actorstarredinmovie,White Christmas, actor celebrity male comedian
0.9998779375,Helen Mirren,actorstarredinmovie,the queen, actor celebrity female personnorthamerica model
0.9375,Anne Heche,hasspouse,james-tupper,
0.9375,Angelina Jolie,actorstarredinmovie,beowulf, actor celebrity personus female
0.96875,Meg Ryan,actorstarredinmovie,LIFE, actor comedian personcanada female celebrity
0.9375,anthony perkins,actorstarredinmovie,Psycho, actor celebrity comedian
0.9999999995346069,Ashlee Simpson,hasspouse,pete-wentz, actor female celebrity personcanada
0.9999999962747097,jessica alba,hasspouse,Cash Warren, actor female personcanada celebrity comedian
0.999755859375,JOhn,hasspouse,Michelle-Phillips,
0.9375,ajay devgan,hasspouse,Kajol, actor celebrity comedian
0.75,John Wayne,actorstarredinmovie,the searchers, actor personcanada celebrity comedian male
0.875,Djimon Hounsou,hasspouse,kimora lee,
0.9999999981373549,Kim Basinger,hasspouse,Alec Baldwin,
0.9999998807907104,David,hasspouse,Bathsheba,
0.999755859375,jonathan wiedemann,hasspouse,isabella rossellini, director
0.9990234375,hank baskett,hasspouse,kendra wilkinson,
0.984375,Tim Burton,actorstarredinmovie,Batman, actor personafrica director female
0.9990234375,eva-longoria-parker,hasspouse,Brian Wilson,
0.96875,alex young,hasspouse,kate_walsh, male
0.875,mel brooks,actorstarredinmovie,Spaceballs, actor personafrica celebrity comedian male
0.8750000043176106,Justin Long,hasspouse,DREW BARRYMORE,
0.75,cary grant,actorstarredinmovie,north by northwest, actor comedian personcanada celebrity
0.99951171875,george_c__scott,actorstarredinmovie,patton, actor personcanada comedian celebrity
1.0,Gregory Buchanan,hasspouse,Gordon, person
0.75,winona ryder,actorstarredinmovie,heathers, actor female celebrity personcanada comedian
0.99609375,Adam West and Burt Ward,actorstarredinmovie,Batman, actor comedian celebrity
0.75,Fiona,hasspouse,steve_hill,
0.9998779296875,sadie frost,hasspouse,Jude Law,
0.9998779296875,Rachel McAdams,hasspouse,josh_lucas,
0.9375,steve-martin,actorstarredinmovie,roxanne, actor celebrity personafrica comedian male
0.875,Eric Dane,hasspouse,rebecca gayheart,
0.96875,anthony hopkins,actorstarredinmovie,meet joe black, actor male comedian celebrity personcanada
0.9921875,sarah michelle gellar,actorstarredinmovie,Cruel Intentions, actor comedian celebrity personcanada female
0.96875,amy winehouse,hasspouse,blake fielder civil, celebrity
0.984375,sandra bullock,actorstarredinmovie,Practical magic, actor female celebrity personcanada comedian
0.75,CONKLIN,hasspouse,Osgood, athlete coach
0.9999999988099738,johnny depp,actorstarredinmovie,edward scissorhands, actor male celebrity comedian
0.9921875,Nathan Fillion,actorstarredinmovie,serenity, actor celebrity personcanada comedian
0.9998779296875,johnny depp,hasspouse,vanessa paradis,
0.999992,claudette colbert,actorstarredinmovie,it happened one night, actor celebrity comedian personcanada female
1.0,Greg Buchanan,hasspouse,Gordon, person
0.9921875,Dustin Hoffman,actorstarredinmovie,rain man, actor comedian celebrity personcanada
0.9999847412109375,Brooke Shields,hasspouse,chris henchy,
0.9375,Russell Crowe,actorstarredinmovie,the insider, actor celebrity comedian
0.9921875,Barbra Streisand,actorstarredinmovie,funny girl, actor comedian celebrity female personcanada
0.9921875,Brad pitt,hasspouse,Aniston,
0.875,Hall,hasspouse,steve_hill,
0.9999999951307155,jessica_simpson,hasspouse,eric johnson, actor celebrity comedian female personcanada
0.9982676535407954,Clint Eastwood,directordirectedmovie,million dollar baby, actor director male
0.875,Kate bosworth,hasspouse,orlando bloom,
0.9375,henry fonda,actorstarredinmovie,12 Angry Men, actor personafrica comedian celebrity
1.0,paula yates,hasspouse,Bob Geldof, celebrity
0.9921875,tom_brady,hasspouse,gisele,
1.0,Woodward,hasspouse,newman, athlete
0.9375,jamie cullum,hasspouse,sophie dahl,
0.999755859375,Casey,hasspouse,jean kasem,
0.875,Tommy Lee,hasspouse,pamela anderson,
0.9998779296875,orlando bloom,hasspouse,miranda kerr,
0.9375,Blake Shelton,hasspouse,Miranda Lambert,
0.9921875,alan ladd,actorstarredinmovie,shane, actor comedian celebrity personcanada
0.75,TOM HANKS,actorstarredinmovie,Joe Versus The Volcano, actor male comedian celebrity personus
0.999755875,ryan gosling,actorstarredinmovie,Half Nelson, actor personcanada comedian male celebrity
0.96875,lamar odom,hasspouse,khloe kardashian,
0.9375,Freida Pinto,actorstarredinmovie,SLUMDOG MILLIONAIRE, actor female personnorthamerica celebrity
0.75,Beth,hasspouse,steve_hill,
0.99951171875,john turturro,hasspouse,Katherine Borowitz,
0.75,gene tierney,actorstarredinmovie,Laura, actor female personcanada comedian celebrity
0.9921875,Henry,hasspouse,anne boleyn,
0.9921875,kate_beckinsale,hasspouse,Len Wiseman, actor comedian personnorthamerica female celebrity
0.9375,Jay Cutler,hasspouse,Kristin Cavallari,
0.9375,michelle pfeiffer,hasspouse,David E. Kelley,
0.9375,kevin bacon,actorstarredinmovie,sleepers, actor celebrity comedian personcanada
0.999755859375,debbon ayer,hasspouse,rob morrow,
0.99951171875,bruce willis,hasspouse,emma heming, actor celebrity comedian personcanada
0.9375,george clooney,hasspouse,elisabetta canalis,
0.75,bruce willis,actorstarredinmovie,PULP FICTION, actor celebrity comedian personcanada
0.99951171875,jada_pinkett,hasspouse,will_smith,
0.9375,ron howard,actorstarredinmovie,american graffiti, actor personafrica comedian
0.99609375,evan rachel wood,hasspouse,MARILYN MANSON, comedian personcanada
0.9999990463256836,seal,hasspouse,Heidi Klum, personcanada
0.875,james cagney,actorstarredinmovie,yankee-doodle-dandy, actor celebrity comedian personcanada male
0.75,ethan hawke,actorstarredinmovie,Gattaca, actor celebrity comedian
0.9375,Mick Jagger,hasspouse,Jerry Hall,
0.9375,ben stiller,actorstarredinmovie,meet the parents, actor celebrity personafrica comedian
0.9990234375,Nicole Kidman,hasspouse,Tom cruise,
0.75,bruce willis,actorstarredinmovie,twelve monkeys, actor celebrity comedian personcanada
0.9375,katy_perry,hasspouse,Russell Brand,
0.999755859375,Michael jackson,hasspouse,Debbie Rowe,
0.99951171875,Spencer Pratt,hasspouse,Heidi Montag,
0.9375,MERYL STREEP,actorstarredinmovie,one true thing, actor comedian personcanada celebrity female
1.0,john_goodman,actorstarredinmovie,big lebowski, actor personcanada male comedian celebrity
0.984375,Ryan Phillippe,actorstarredinmovie,Cruel Intentions, actor personcanada comedian celebrity
0.875,kimora lee simmons,hasspouse,Djimon Hounsou,
0.96875,Kirk douglas,actorstarredinmovie,Spartacus, actor celebrity personafrica comedian
0.999755859375,uma thurman,hasspouse,ethan hawke,
0.9375,George LAZENBY,actorstarredinmovie,James Bond, actor comedian personcanada celebrity
0.992188,haley joel osment,actorstarredinmovie,the sixth sense, actor male celebrity comedian
0.875,RIDLEY SCOTT,actorstarredinmovie,ALIEN, actor personafrica comedian
0.875,Sean penn,hasspouse,Robin Wright-Penn,
0.9998779296875,claudia-schiffer,hasspouse,matthew_vaughn, actor model personnorthamerica celebrity female
0.9998779296875,al pacino,actorstarredinmovie,Scarface, actor comedian celebrity
0.75,Amanda Peet,hasspouse,david_benioff, actor comedian personcanada female celebrity
0.75,jake gyllenhaal,actorstarredinmovie,donnie_darko, actor comedian celebrity personcanada
0.984375,rita wilson,hasspouse,TOM HANKS, actor celebrity personcanada female comedian
0.99609375,rhea durham,hasspouse,Mark Wahlberg, actor model celebrity
0.9375,Kristen Bell,hasspouse,dax shepard,
0.9375,Lara Flynn Boyle,hasspouse,Jack Nicholson,
0.984375,Katharine Hepburn,actorstarredinmovie,guess who's coming to dinner, actor female comedian celebrity
0.999755859375,Quincy Jones,hasspouse,NATASSJA KINSKI,
0.99609375,garner,hasspouse,Ben Affleck,
0.9999999999417923,tea leoni,hasspouse,David Duchovny, actor comedian celebrity personcanada female
0.9999999997080393,victoria-beckham,hasspouse,David,
0.984375,oksana grigorieva,hasspouse,mel gibson,
0.984375,oksana grigorieva,hasspouse,mel gibson,
0.9921875,miranda kerr,hasspouse,orlando bloom, actor female celebrity model personcanada
0.9375,Tameka Foster,hasspouse,usher,
0.96875,Geoffrey Arend,hasspouse,Christina Hendricks,
0.999755859375,robby benson,hasspouse,karla devito,
0.99609375,dennis-hopper,actorstarredinmovie,easy rider, actor celebrity personafrica comedian
0.984375,iman,hasspouse,david_bowie, model female personcanada
0.9990234375,sylvester stallone,actorstarredinmovie,Rambo, actor personafrica celebrity
0.75,Marion Davies,hasspouse,William Randolph Hearst, actor celebrity comedian
1.0,oliver-stone,actorstarredinmovie,Salvador, actor personus comedian
0.9375,rachel hunter,hasspouse,Rod Stewart,
1.0,oliver-stone,actorstarredinmovie,Platoon, actor personus comedian
0.75,johnny depp,actorstarredinmovie,Pirates of the Caribbean, actor male celebrity comedian
0.9375,Richard Burton,hasspouse,elizabeth taylor,
0.999755859375,WOODY ALLEN,hasspouse,Mia Farrow, director
0.984375,edward_norton,actorstarredinmovie,Primal Fear, actor personafrica celebrity male comedian
0.998046875,Heath ledger,actorstarredinmovie,brokeback mountain, actor personcanada comedian male celebrity
0.875,Mary Steenburgen,hasspouse,Ted Danson, actor personcanada female comedian celebrity
0.875,Robert Deniro,actorstarredinmovie,Taxi Driver, actor personafrica
0.9921875,Lorenzo Martone,hasspouse,MARC JACOBS,
0.9999995231628418,kevin-federline,hasspouse,Britney Spears,
0.998046875,HARRISON FORD,hasspouse,calista flockhart,
0.998046875,Bill-Murray,actorstarredinmovie,GROUNDHOG DAY, actor comedian celebrity
0.999755859375,Lou Ferrigno,actorstarredinmovie,Hulk, actor male
0.75,Guy Ritchie,actorstarredinmovie,sherlock-holmes, actor male personafrica director
0.96875,DANNY BOYLE,actorstarredinmovie,TRAINSPOTTING, actor personafrica male director
0.999755859375,mandy moore,hasspouse,Ryan Adams, actor personcanada celebrity female comedian
0.75,HARRISON FORD,actorstarredinmovie,blade runner, actor celebrity personcanada comedian
0.9998779296875,Matthew Broderick,hasspouse,sarah_jessica_parker,
0.875,kim novak,actorstarredinmovie,VERTIGO, actor personcanada female celebrity comedian
0.9375,simpson,hasspouse,Nick Lachey,
0.75,Ali Hewson,hasspouse,BONO,
0.999755859375,Orson Welles,actorstarredinmovie,Citizen Kane, actor personafrica male comedian celebrity
0.9921875,Jerry O'Connell,hasspouse,rebecca_romijn,
0.96875,Metis,hasspouse,zeus, female
0.9375,melanie griffith,hasspouse,antonio banderas,
0.875,james-tupper,hasspouse,Anne Heche,
0.998046875,Mary Magdalene,hasspouse,JESUS,
0.9990234375,daniel craig,actorstarredinmovie,CASINO ROYALE, actor male personcanada celebrity comedian
0.9375,Carey,hasspouse,nick_cannon, person
0.9998779296875,ryan_reynolds,hasspouse,scarlett johansson,
0.9921875,MARILYN MANSON,hasspouse,evan rachel wood, actor comedian celebrity personcanada
0.96875,prince charles,hasspouse,Camilla Parker Bowles, person
0.998046875,jessica_simpson,hasspouse,Nick Lachey,
0.9999923706054688,prince-william,hasspouse,Kate Middleton,
0.875,Tom cruise,actorstarredinmovie,collateral, actor celebrity personus comedian male
0.9921875,eric bana,actorstarredinmovie,Hulk, actor celebrity male comedian
0.875,hugo weaving,actorstarredinmovie,MATRIX, actor celebrity comedian
0.9998779296875,Jennie garth,hasspouse,Peter Facinelli, actor female comedian personcanada celebrity
0.875,Dave Navarro,hasspouse,Carmen electra,
0.998046875,Nick Lachey,hasspouse,jessica_simpson,
0.9375,Dustin Hoffman,actorstarredinmovie,midnight cowboy, actor comedian celebrity personcanada
0.9999999952264732,spike lee,hasspouse,Tonya Lewis Lee,
